{"search":"","showTags":true,"showAttachments":true,"hideUnresolved":false,"showOrphans":false,"showArrow":true,"textFadeMultiplier":-0.8,"nodeSizeMultiplier":2.16460674157303,"lineSizeMultiplier":4.44943820224719,"centerStrength":0.174157303370787,"repelStrength":8.65168539325843,"linkStrength":0.275280898876405,"linkDistance":421,"scale":0.4072911432103957}